dist.unique,nDistance_Results,n_Sample_Peak_Mat,n_ratio
STL_0060_ICR.3_p1.corems,34213,1230,27.8154471544715
STL_0061_ICR.1_p08.corems,68411,2549,26.8383679874461
STL_0061_ICR.2_p08.corems,68195,2447,27.8688189619943
STL_0061_ICR.3_p08.corems,74447,2712,27.4509587020649
STL_0062_ICR.1_p08.corems,72501,2672,27.1336077844311
